{
  "pooled_r2": 0.6278746724128723,
  "pos_r2": [
    0.773277223110199,
    0.6225485801696777,
    0.6961795687675476,
    0.7110834121704102,
    0.6489095687866211,
    0.5991976261138916,
    0.7543108463287354,
    0.5924468040466309,
    0.6867231130599976,
    0.6317974328994751,
    0.6239009499549866,
    0.660067081451416,
    0.5272255539894104,
    0.6324349641799927,
    0.5426217913627625,
    0.6950309872627258,
    0.7837653756141663,
    0.5850135087966919,
    0.6281089186668396,
    0.7277127504348755,
    0.6967750787734985,
    0.627521276473999
  ]
}