{
  "pooled_r2": 0.9981094002723694,
  "pos_r2": [
    0.935593843460083,
    0.9016793966293335,
    0.9020518064498901,
    0.9338340759277344,
    0.9268955588340759,
    0.9428122043609619,
    0.915154755115509,
    0.8832254409790039,
    0.943127453327179,
    0.9334304928779602,
    0.9299917221069336,
    0.9501594305038452,
    0.9039064645767212
  ]
}