{
  "ridge_head_mse_before": 718.4989624023438,
  "ridge_head_mse_after": 718.4767456054688,
  "delta_mse": -0.022216796875
}