{
  "ridge_head_mse_before": 340.789306640625,
  "ridge_head_mse_after": 1649.2431640625,
  "delta_mse": 1308.453857421875
}