{
  "task": "REG-SUM",
  "ridge_r2": 0.9983693957328796,
  "mlp_reg_r2": 0.9989134669303894,
  "mlp_reg_r2_label_shuffle": 0.11715453863143921
}