{
  "pooled_r2": 0.9862602949142456,
  "pos_r2": [
    0.8318772912025452,
    0.8069847822189331,
    0.9027222990989685,
    0.7592655420303345,
    0.9220019578933716,
    0.8171101808547974,
    0.9003023505210876,
    0.8351649045944214,
    0.8447633981704712,
    0.7930974960327148,
    0.7784875631332397,
    0.8305479288101196,
    0.9070967435836792
  ]
}