{
  "ridge_head_mse_before": 2440.16650390625,
  "ridge_head_mse_after": 9711.5869140625,
  "delta_mse": 7271.42041015625
}